REF_AREA,Reference area,Measure,Unit of measure,Age,Sex,TIME_PERIOD,OBS_VALUE, 
TUR,Turkiye,Asthma hospital admission,Per 100 000 inhabitants,15 years or over,Total,2016,96.7,
TUR,Turkiye,Asthma hospital admission,Per 100 000 inhabitants,15 years or over,Total,2015,99.6,
SGP,Singapore,Asthma hospital admission,Per 100 000 inhabitants,15 years or over,Total,2015,107,
SGP,Singapore,Asthma hospital admission,Per 100 000 inhabitants,15 years or over,Total,2014,104.6,
SGP,Singapore,Asthma hospital admission,Per 100 000 inhabitants,15 years or over,Total,2013,109,
SGP,Singapore,Asthma hospital admission,Per 100 000 inhabitants,15 years or over,Total,2012,106.1,
SGP,Singapore,Asthma hospital admission,Per 100 000 inhabitants,15 years or over,Total,2011,110.2,
SGP,Singapore,Asthma hospital admission,Per 100 000 inhabitants,15 years or over,Total,2010,102.6,
SGP,Singapore,Asthma hospital admission,Per 100 000 inhabitants,15 years or over,Total,2009,93,
SGP,Singapore,Asthma hospital admission,Per 100 000 inhabitants,15 years or over,Total,2008,104.4,
SGP,Singapore,Asthma hospital admission,Per 100 000 inhabitants,15 years or over,Total,2007,117.7,
SGP,Singapore,Asthma hospital admission,Per 100 000 inhabitants,15 years or over,Total,2020,61.1,
SGP,Singapore,Asthma hospital admission,Per 100 000 inhabitants,15 years or over,Total,2019,114.7,
SGP,Singapore,Asthma hospital admission,Per 100 000 inhabitants,15 years or over,Total,2018,113.1,
SGP,Singapore,Asthma hospital admission,Per 100 000 inhabitants,15 years or over,Total,2017,112.3,
AUS,Australia,Asthma hospital admission,Per 100 000 inhabitants,15 years or over,Total,2019,59.6,
AUS,Australia,Asthma hospital admission,Per 100 000 inhabitants,15 years or over,Total,2018,65.2,
AUS,Australia,Asthma hospital admission,Per 100 000 inhabitants,15 years or over,Total,2017,67.8,
AUS,Australia,Asthma hospital admission,Per 100 000 inhabitants,15 years or over,Total,2016,72.2,
AUS,Australia,Asthma hospital admission,Per 100 000 inhabitants,15 years or over,Total,2015,64.7,
AUS,Australia,Asthma hospital admission,Per 100 000 inhabitants,15 years or over,Total,2014,65.7,
AUS,Australia,Asthma hospital admission,Per 100 000 inhabitants,15 years or over,Total,2013,61.1,
AUS,Australia,Asthma hospital admission,Per 100 000 inhabitants,15 years or over,Total,2012,65.3,
AUS,Australia,Asthma hospital admission,Per 100 000 inhabitants,15 years or over,Total,2011,70.6,
MLT,Malta,Asthma hospital admission,Per 100 000 inhabitants,15 years or over,Total,2015,86.7,
MLT,Malta,Asthma hospital admission,Per 100 000 inhabitants,15 years or over,Total,2014,71.7,
MLT,Malta,Asthma hospital admission,Per 100 000 inhabitants,15 years or over,Total,2020,47.6,
MLT,Malta,Asthma hospital admission,Per 100 000 inhabitants,15 years or over,Total,2019,88.2,
MLT,Malta,Asthma hospital admission,Per 100 000 inhabitants,15 years or over,Total,2018,96.2,
MLT,Malta,Asthma hospital admission,Per 100 000 inhabitants,15 years or over,Total,2017,91.1,
CHL,Chile,Asthma hospital admission,Per 100 000 inhabitants,15 years or over,Total,2012,19.5,
CHL,Chile,Asthma hospital admission,Per 100 000 inhabitants,15 years or over,Total,2011,17.3,
CHL,Chile,Asthma hospital admission,Per 100 000 inhabitants,15 years or over,Total,2010,21.5,
CHL,Chile,Asthma hospital admission,Per 100 000 inhabitants,15 years or over,Total,2009,21.2,
CHL,Chile,Asthma hospital admission,Per 100 000 inhabitants,15 years or over,Total,2008,20.7,
CHL,Chile,Asthma hospital admission,Per 100 000 inhabitants,15 years or over,Total,2007,22.7,
CHL,Chile,Asthma hospital admission,Per 100 000 inhabitants,15 years or over,Total,2006,22.2,
CHL,Chile,Asthma hospital admission,Per 100 000 inhabitants,15 years or over,Total,2005,25.3,
CHL,Chile,Asthma hospital admission,Per 100 000 inhabitants,15 years or over,Total,2004,26.8,
CHL,Chile,Asthma hospital admission,Per 100 000 inhabitants,15 years or over,Total,2020,8.7,
CHL,Chile,Asthma hospital admission,Per 100 000 inhabitants,15 years or over,Total,2019,16.5,
CHL,Chile,Asthma hospital admission,Per 100 000 inhabitants,15 years or over,Total,2018,17.1,
CHL,Chile,Asthma hospital admission,Per 100 000 inhabitants,15 years or over,Total,2017,19.1,
CHL,Chile,Asthma hospital admission,Per 100 000 inhabitants,15 years or over,Total,2016,18.6,
CHL,Chile,Asthma hospital admission,Per 100 000 inhabitants,15 years or over,Total,2015,17.3,
CHL,Chile,Asthma hospital admission,Per 100 000 inhabitants,15 years or over,Total,2014,16.6,
NLD,Netherlands,Asthma hospital admission,Per 100 000 inhabitants,15 years or over,Total,2015,35.6,
NLD,Netherlands,Asthma hospital admission,Per 100 000 inhabitants,15 years or over,Total,2014,34.1,
NLD,Netherlands,Asthma hospital admission,Per 100 000 inhabitants,15 years or over,Total,2012,36.6,
NLD,Netherlands,Asthma hospital admission,Per 100 000 inhabitants,15 years or over,Total,2011,31.6,
NLD,Netherlands,Asthma hospital admission,Per 100 000 inhabitants,15 years or over,Total,2010,32.5,
NLD,Netherlands,Asthma hospital admission,Per 100 000 inhabitants,15 years or over,Total,2009,30.5,
NLD,Netherlands,Asthma hospital admission,Per 100 000 inhabitants,15 years or over,Total,2008,28.3,
NLD,Netherlands,Asthma hospital admission,Per 100 000 inhabitants,15 years or over,Total,2007,28,
NLD,Netherlands,Asthma hospital admission,Per 100 000 inhabitants,15 years or over,Total,2006,25,
NLD,Netherlands,Asthma hospital admission,Per 100 000 inhabitants,15 years or over,Total,2020,20.3,
NLD,Netherlands,Asthma hospital admission,Per 100 000 inhabitants,15 years or over,Total,2019,33.4,
NLD,Netherlands,Asthma hospital admission,Per 100 000 inhabitants,15 years or over,Total,2018,33.4,
NLD,Netherlands,Asthma hospital admission,Per 100 000 inhabitants,15 years or over,Total,2017,36.8,
GBR,United Kingdom,Asthma hospital admission,Per 100 000 inhabitants,15 years or over,Total,2014,72.8,
GBR,United Kingdom,Asthma hospital admission,Per 100 000 inhabitants,15 years or over,Total,2013,65.9,
GBR,United Kingdom,Asthma hospital admission,Per 100 000 inhabitants,15 years or over,Total,2012,69.5,
GBR,United Kingdom,Asthma hospital admission,Per 100 000 inhabitants,15 years or over,Total,2011,62.6,
GBR,United Kingdom,Asthma hospital admission,Per 100 000 inhabitants,15 years or over,Total,2010,71.7,
GBR,United Kingdom,Asthma hospital admission,Per 100 000 inhabitants,15 years or over,Total,2009,72.8,
GBR,United Kingdom,Asthma hospital admission,Per 100 000 inhabitants,15 years or over,Total,2008,79.5,
GBR,United Kingdom,Asthma hospital admission,Per 100 000 inhabitants,15 years or over,Total,2007,73.2,
GBR,United Kingdom,Asthma hospital admission,Per 100 000 inhabitants,15 years or over,Total,2006,79.5,
GBR,United Kingdom,Asthma hospital admission,Per 100 000 inhabitants,15 years or over,Total,2020,34.4,
GBR,United Kingdom,Asthma hospital admission,Per 100 000 inhabitants,15 years or over,Total,2019,74.9,
GBR,United Kingdom,Asthma hospital admission,Per 100 000 inhabitants,15 years or over,Total,2018,75.3,
GBR,United Kingdom,Asthma hospital admission,Per 100 000 inhabitants,15 years or over,Total,2017,73.4,
GBR,United Kingdom,Asthma hospital admission,Per 100 000 inhabitants,15 years or over,Total,2016,72.7,
LVA,Latvia,Asthma hospital admission,Per 100 000 inhabitants,15 years or over,Total,2015,108.3,
LVA,Latvia,Asthma hospital admission,Per 100 000 inhabitants,15 years or over,Total,2014,110.2,
LVA,Latvia,Asthma hospital admission,Per 100 000 inhabitants,15 years or over,Total,2013,98.4,
LVA,Latvia,Asthma hospital admission,Per 100 000 inhabitants,15 years or over,Total,2012,106.6,
LVA,Latvia,Asthma hospital admission,Per 100 000 inhabitants,15 years or over,Total,2011,101.4,
LVA,Latvia,Asthma hospital admission,Per 100 000 inhabitants,15 years or over,Total,2010,82.5,
LVA,Latvia,Asthma hospital admission,Per 100 000 inhabitants,15 years or over,Total,2009,133.9,
LVA,Latvia,Asthma hospital admission,Per 100 000 inhabitants,15 years or over,Total,2008,125,
LVA,Latvia,Asthma hospital admission,Per 100 000 inhabitants,15 years or over,Total,2007,131.6,
LVA,Latvia,Asthma hospital admission,Per 100 000 inhabitants,15 years or over,Total,2020,60,
LVA,Latvia,Asthma hospital admission,Per 100 000 inhabitants,15 years or over,Total,2019,95.6,
LVA,Latvia,Asthma hospital admission,Per 100 000 inhabitants,15 years or over,Total,2018,102.7,
LVA,Latvia,Asthma hospital admission,Per 100 000 inhabitants,15 years or over,Total,2017,104.3,
MEX,Mexico,Asthma hospital admission,Per 100 000 inhabitants,15 years or over,Total,2017,8.6,
MEX,Mexico,Asthma hospital admission,Per 100 000 inhabitants,15 years or over,Total,2016,9.3,
MEX,Mexico,Asthma hospital admission,Per 100 000 inhabitants,15 years or over,Total,2015,9.4,
MEX,Mexico,Asthma hospital admission,Per 100 000 inhabitants,15 years or over,Total,2014,12.1,
MEX,Mexico,Asthma hospital admission,Per 100 000 inhabitants,15 years or over,Total,2013,13,
MEX,Mexico,Asthma hospital admission,Per 100 000 inhabitants,15 years or over,Total,2012,14.3,
MEX,Mexico,Asthma hospital admission,Per 100 000 inhabitants,15 years or over,Total,2011,15.2,
MEX,Mexico,Asthma hospital admission,Per 100 000 inhabitants,15 years or over,Total,2010,19.6,
MEX,Mexico,Asthma hospital admission,Per 100 000 inhabitants,15 years or over,Total,2009,19.1,
MEX,Mexico,Asthma hospital admission,Per 100 000 inhabitants,15 years or over,Total,2020,2.8,
MEX,Mexico,Asthma hospital admission,Per 100 000 inhabitants,15 years or over,Total,2019,7.3,
POL,Poland,Asthma hospital admission,Per 100 000 inhabitants,15 years or over,Total,2011,73.6,
POL,Poland,Asthma hospital admission,Per 100 000 inhabitants,15 years or over,Total,2010,69.5,
POL,Poland,Asthma hospital admission,Per 100 000 inhabitants,15 years or over,Total,2009,71.4,
POL,Poland,Asthma hospital admission,Per 100 000 inhabitants,15 years or over,Total,2008,63.8,
POL,Poland,Asthma hospital admission,Per 100 000 inhabitants,15 years or over,Total,2007,64.4,
POL,Poland,Asthma hospital admission,Per 100 000 inhabitants,15 years or over,Total,2006,63.4,
POL,Poland,Asthma hospital admission,Per 100 000 inhabitants,15 years or over,Total,2005,61.1,
POL,Poland,Asthma hospital admission,Per 100 000 inhabitants,15 years or over,Total,2004,58.2,
POL,Poland,Asthma hospital admission,Per 100 000 inhabitants,15 years or over,Total,2003,64.7,
POL,Poland,Asthma hospital admission,Per 100 000 inhabitants,15 years or over,Total,2020,37.2,
POL,Poland,Asthma hospital admission,Per 100 000 inhabitants,15 years or over,Total,2019,72.5,
POL,Poland,Asthma hospital admission,Per 100 000 inhabitants,15 years or over,Total,2018,80.1,
POL,Poland,Asthma hospital admission,Per 100 000 inhabitants,15 years or over,Total,2017,87,
POL,Poland,Asthma hospital admission,Per 100 000 inhabitants,15 years or over,Total,2016,89.2,
POL,Poland,Asthma hospital admission,Per 100 000 inhabitants,15 years or over,Total,2015,88.3,
POL,Poland,Asthma hospital admission,Per 100 000 inhabitants,15 years or over,Total,2014,85.8,
POL,Poland,Asthma hospital admission,Per 100 000 inhabitants,15 years or over,Total,2013,82.4,
CZE,Czechia,Asthma hospital admission,Per 100 000 inhabitants,15 years or over,Total,2017,30.5,
CZE,Czechia,Asthma hospital admission,Per 100 000 inhabitants,15 years or over,Total,2016,32.6,
CZE,Czechia,Asthma hospital admission,Per 100 000 inhabitants,15 years or over,Total,2015,34.3,
CZE,Czechia,Asthma hospital admission,Per 100 000 inhabitants,15 years or over,Total,2014,38.4,
CZE,Czechia,Asthma hospital admission,Per 100 000 inhabitants,15 years or over,Total,2013,38.4,
CZE,Czechia,Asthma hospital admission,Per 100 000 inhabitants,15 years or over,Total,2012,37,
CZE,Czechia,Asthma hospital admission,Per 100 000 inhabitants,15 years or over,Total,2011,36,
CZE,Czechia,Asthma hospital admission,Per 100 000 inhabitants,15 years or over,Total,2010,34.9,
CZE,Czechia,Asthma hospital admission,Per 100 000 inhabitants,15 years or over,Total,2009,38.7,
CZE,Czechia,Asthma hospital admission,Per 100 000 inhabitants,15 years or over,Total,2020,20.2,
CZE,Czechia,Asthma hospital admission,Per 100 000 inhabitants,15 years or over,Total,2019,27.4,
JPN,Japan,Asthma hospital admission,Per 100 000 inhabitants,15 years or over,Total,2005,5.2,
JPN,Japan,Asthma hospital admission,Per 100 000 inhabitants,15 years or over,Total,2002,6.6,
JPN,Japan,Asthma hospital admission,Per 100 000 inhabitants,15 years or over,Total,2020,0.7,
JPN,Japan,Asthma hospital admission,Per 100 000 inhabitants,15 years or over,Total,2017,2.4,
JPN,Japan,Asthma hospital admission,Per 100 000 inhabitants,15 years or over,Total,2014,2.5,
JPN,Japan,Asthma hospital admission,Per 100 000 inhabitants,15 years or over,Total,2011,3,
KOR,Korea,Asthma hospital admission,Per 100 000 inhabitants,15 years or over,Total,2016,91.4,
KOR,Korea,Asthma hospital admission,Per 100 000 inhabitants,15 years or over,Total,2015,96.4,
KOR,Korea,Asthma hospital admission,Per 100 000 inhabitants,15 years or over,Total,2014,96.2,
KOR,Korea,Asthma hospital admission,Per 100 000 inhabitants,15 years or over,Total,2013,99.7,
KOR,Korea,Asthma hospital admission,Per 100 000 inhabitants,15 years or over,Total,2012,111.1,
KOR,Korea,Asthma hospital admission,Per 100 000 inhabitants,15 years or over,Total,2011,104.2,
KOR,Korea,Asthma hospital admission,Per 100 000 inhabitants,15 years or over,Total,2010,106.1,
KOR,Korea,Asthma hospital admission,Per 100 000 inhabitants,15 years or over,Total,2009,113.1,
KOR,Korea,Asthma hospital admission,Per 100 000 inhabitants,15 years or over,Total,2008,120.6,
KOR,Korea,Asthma hospital admission,Per 100 000 inhabitants,15 years or over,Total,2020,40.6,
KOR,Korea,Asthma hospital admission,Per 100 000 inhabitants,15 years or over,Total,2019,68.5,
KOR,Korea,Asthma hospital admission,Per 100 000 inhabitants,15 years or over,Total,2018,79,
SVK,Slovak Republic,Asthma hospital admission,Per 100 000 inhabitants,15 years or over,Total,2017,85.6,
SVK,Slovak Republic,Asthma hospital admission,Per 100 000 inhabitants,15 years or over,Total,2016,86.7,
SVK,Slovak Republic,Asthma hospital admission,Per 100 000 inhabitants,15 years or over,Total,2015,96.4,
SVK,Slovak Republic,Asthma hospital admission,Per 100 000 inhabitants,15 years or over,Total,2014,100.7,
SVK,Slovak Republic,Asthma hospital admission,Per 100 000 inhabitants,15 years or over,Total,2013,103.8,
SVK,Slovak Republic,Asthma hospital admission,Per 100 000 inhabitants,15 years or over,Total,2012,113.8,
SVK,Slovak Republic,Asthma hospital admission,Per 100 000 inhabitants,15 years or over,Total,2011,157.1,
SVK,Slovak Republic,Asthma hospital admission,Per 100 000 inhabitants,15 years or over,Total,2010,183.8,
SVK,Slovak Republic,Asthma hospital admission,Per 100 000 inhabitants,15 years or over,Total,2009,165.1,
SVK,Slovak Republic,Asthma hospital admission,Per 100 000 inhabitants,15 years or over,Total,2020,47.4,
SVK,Slovak Republic,Asthma hospital admission,Per 100 000 inhabitants,15 years or over,Total,2019,75.9,
CRI,Costa Rica,Asthma hospital admission,Per 100 000 inhabitants,15 years or over,Total,2008,42.3,
CRI,Costa Rica,Asthma hospital admission,Per 100 000 inhabitants,15 years or over,Total,2007,50.5,
CRI,Costa Rica,Asthma hospital admission,Per 100 000 inhabitants,15 years or over,Total,2006,51,
CRI,Costa Rica,Asthma hospital admission,Per 100 000 inhabitants,15 years or over,Total,2005,53.7,
CRI,Costa Rica,Asthma hospital admission,Per 100 000 inhabitants,15 years or over,Total,2004,71.6,
CRI,Costa Rica,Asthma hospital admission,Per 100 000 inhabitants,15 years or over,Total,2003,78.7,
CRI,Costa Rica,Asthma hospital admission,Per 100 000 inhabitants,15 years or over,Total,2002,70,
CRI,Costa Rica,Asthma hospital admission,Per 100 000 inhabitants,15 years or over,Total,2001,74.7,
CRI,Costa Rica,Asthma hospital admission,Per 100 000 inhabitants,15 years or over,Total,2000,75.7,
CRI,Costa Rica,Asthma hospital admission,Per 100 000 inhabitants,15 years or over,Total,2017,27.8,
CRI,Costa Rica,Asthma hospital admission,Per 100 000 inhabitants,15 years or over,Total,2016,30.1,
CRI,Costa Rica,Asthma hospital admission,Per 100 000 inhabitants,15 years or over,Total,2015,27.3,
CRI,Costa Rica,Asthma hospital admission,Per 100 000 inhabitants,15 years or over,Total,2014,29.2,
CRI,Costa Rica,Asthma hospital admission,Per 100 000 inhabitants,15 years or over,Total,2013,32.4,
CRI,Costa Rica,Asthma hospital admission,Per 100 000 inhabitants,15 years or over,Total,2012,34.8,
CRI,Costa Rica,Asthma hospital admission,Per 100 000 inhabitants,15 years or over,Total,2011,34.1,
CRI,Costa Rica,Asthma hospital admission,Per 100 000 inhabitants,15 years or over,Total,2010,40.9,
BEL,Belgium,Asthma hospital admission,Per 100 000 inhabitants,15 years or over,Total,2004,40.4,
BEL,Belgium,Asthma hospital admission,Per 100 000 inhabitants,15 years or over,Total,2003,45.4,
BEL,Belgium,Asthma hospital admission,Per 100 000 inhabitants,15 years or over,Total,2002,50.7,
BEL,Belgium,Asthma hospital admission,Per 100 000 inhabitants,15 years or over,Total,2001,47.7,
BEL,Belgium,Asthma hospital admission,Per 100 000 inhabitants,15 years or over,Total,2000,55,
BEL,Belgium,Asthma hospital admission,Per 100 000 inhabitants,15 years or over,Total,2020,15.7,
BEL,Belgium,Asthma hospital admission,Per 100 000 inhabitants,15 years or over,Total,2019,27.4,
BEL,Belgium,Asthma hospital admission,Per 100 000 inhabitants,15 years or over,Total,2018,27.7,
BEL,Belgium,Asthma hospital admission,Per 100 000 inhabitants,15 years or over,Total,2017,29.5,
BEL,Belgium,Asthma hospital admission,Per 100 000 inhabitants,15 years or over,Total,2016,31.7,
BEL,Belgium,Asthma hospital admission,Per 100 000 inhabitants,15 years or over,Total,2014,37.3,
BEL,Belgium,Asthma hospital admission,Per 100 000 inhabitants,15 years or over,Total,2013,36.8,
BEL,Belgium,Asthma hospital admission,Per 100 000 inhabitants,15 years or over,Total,2012,35.9,
BEL,Belgium,Asthma hospital admission,Per 100 000 inhabitants,15 years or over,Total,2011,34.4,
BEL,Belgium,Asthma hospital admission,Per 100 000 inhabitants,15 years or over,Total,2010,36,
BEL,Belgium,Asthma hospital admission,Per 100 000 inhabitants,15 years or over,Total,2009,40.6,
BEL,Belgium,Asthma hospital admission,Per 100 000 inhabitants,15 years or over,Total,2008,37.2,
BEL,Belgium,Asthma hospital admission,Per 100 000 inhabitants,15 years or over,Total,2007,48.2,
BEL,Belgium,Asthma hospital admission,Per 100 000 inhabitants,15 years or over,Total,2006,50.8,
PRT,Portugal,Asthma hospital admission,Per 100 000 inhabitants,15 years or over,Total,2019,13.3,
PRT,Portugal,Asthma hospital admission,Per 100 000 inhabitants,15 years or over,Total,2018,12.9,
PRT,Portugal,Asthma hospital admission,Per 100 000 inhabitants,15 years or over,Total,2017,13.2,
PRT,Portugal,Asthma hospital admission,Per 100 000 inhabitants,15 years or over,Total,2016,16.2,
PRT,Portugal,Asthma hospital admission,Per 100 000 inhabitants,15 years or over,Total,2015,16.9,
PRT,Portugal,Asthma hospital admission,Per 100 000 inhabitants,15 years or over,Total,2013,17.3,
PRT,Portugal,Asthma hospital admission,Per 100 000 inhabitants,15 years or over,Total,2011,16.3,
PRT,Portugal,Asthma hospital admission,Per 100 000 inhabitants,15 years or over,Total,2009,15.6,
PRT,Portugal,Asthma hospital admission,Per 100 000 inhabitants,15 years or over,Total,2007,18.3,
ESP,Spain,Asthma hospital admission,Per 100 000 inhabitants,15 years or over,Total,2008,44,
ESP,Spain,Asthma hospital admission,Per 100 000 inhabitants,15 years or over,Total,2007,46.3,
ESP,Spain,Asthma hospital admission,Per 100 000 inhabitants,15 years or over,Total,2006,42.7,
ESP,Spain,Asthma hospital admission,Per 100 000 inhabitants,15 years or over,Total,2005,52.3,
ESP,Spain,Asthma hospital admission,Per 100 000 inhabitants,15 years or over,Total,2004,49,
ESP,Spain,Asthma hospital admission,Per 100 000 inhabitants,15 years or over,Total,2003,53,
ESP,Spain,Asthma hospital admission,Per 100 000 inhabitants,15 years or over,Total,2002,50.1,
ESP,Spain,Asthma hospital admission,Per 100 000 inhabitants,15 years or over,Total,2001,43.6,
ESP,Spain,Asthma hospital admission,Per 100 000 inhabitants,15 years or over,Total,2000,52.7,
ESP,Spain,Asthma hospital admission,Per 100 000 inhabitants,15 years or over,Total,2020,23.8,
ESP,Spain,Asthma hospital admission,Per 100 000 inhabitants,15 years or over,Total,2019,34.8,
ESP,Spain,Asthma hospital admission,Per 100 000 inhabitants,15 years or over,Total,2018,37.3,
ESP,Spain,Asthma hospital admission,Per 100 000 inhabitants,15 years or over,Total,2017,36.2,
ESP,Spain,Asthma hospital admission,Per 100 000 inhabitants,15 years or over,Total,2016,34.1,
ESP,Spain,Asthma hospital admission,Per 100 000 inhabitants,15 years or over,Total,2015,46.6,
ESP,Spain,Asthma hospital admission,Per 100 000 inhabitants,15 years or over,Total,2014,43.9,
ESP,Spain,Asthma hospital admission,Per 100 000 inhabitants,15 years or over,Total,2013,43.1,
ESP,Spain,Asthma hospital admission,Per 100 000 inhabitants,15 years or over,Total,2012,43.6,
ESP,Spain,Asthma hospital admission,Per 100 000 inhabitants,15 years or over,Total,2011,40.6,
ESP,Spain,Asthma hospital admission,Per 100 000 inhabitants,15 years or over,Total,2010,40.9,
DNK,Denmark,Asthma hospital admission,Per 100 000 inhabitants,15 years or over,Total,2013,50.2,
DNK,Denmark,Asthma hospital admission,Per 100 000 inhabitants,15 years or over,Total,2012,52.1,
DNK,Denmark,Asthma hospital admission,Per 100 000 inhabitants,15 years or over,Total,2011,45.9,
DNK,Denmark,Asthma hospital admission,Per 100 000 inhabitants,15 years or over,Total,2010,51.7,
DNK,Denmark,Asthma hospital admission,Per 100 000 inhabitants,15 years or over,Total,2009,46.1,
DNK,Denmark,Asthma hospital admission,Per 100 000 inhabitants,15 years or over,Total,2008,46.4,
DNK,Denmark,Asthma hospital admission,Per 100 000 inhabitants,15 years or over,Total,2007,50.4,
DNK,Denmark,Asthma hospital admission,Per 100 000 inhabitants,15 years or over,Total,2006,54.7,
DNK,Denmark,Asthma hospital admission,Per 100 000 inhabitants,15 years or over,Total,2005,53.5,
DNK,Denmark,Asthma hospital admission,Per 100 000 inhabitants,15 years or over,Total,2020,56.5,
DNK,Denmark,Asthma hospital admission,Per 100 000 inhabitants,15 years or over,Total,2019,71.9,
DNK,Denmark,Asthma hospital admission,Per 100 000 inhabitants,15 years or over,Total,2018,60.3,
DNK,Denmark,Asthma hospital admission,Per 100 000 inhabitants,15 years or over,Total,2017,62,
DNK,Denmark,Asthma hospital admission,Per 100 000 inhabitants,15 years or over,Total,2016,60.6,
DNK,Denmark,Asthma hospital admission,Per 100 000 inhabitants,15 years or over,Total,2015,57.6,
COL,Colombia,Asthma hospital admission,Per 100 000 inhabitants,15 years or over,Total,2017,12.1,
COL,Colombia,Asthma hospital admission,Per 100 000 inhabitants,15 years or over,Total,2016,8.3,
COL,Colombia,Asthma hospital admission,Per 100 000 inhabitants,15 years or over,Total,2015,13.7,
COL,Colombia,Asthma hospital admission,Per 100 000 inhabitants,15 years or over,Total,2014,17.4,
COL,Colombia,Asthma hospital admission,Per 100 000 inhabitants,15 years or over,Total,2013,13.4,
COL,Colombia,Asthma hospital admission,Per 100 000 inhabitants,15 years or over,Total,2012,14.8,
COL,Colombia,Asthma hospital admission,Per 100 000 inhabitants,15 years or over,Total,2011,17.2,
COL,Colombia,Asthma hospital admission,Per 100 000 inhabitants,15 years or over,Total,2010,10.7,
CHE,Switzerland,Asthma hospital admission,Per 100 000 inhabitants,15 years or over,Total,2014,28.3,
CHE,Switzerland,Asthma hospital admission,Per 100 000 inhabitants,15 years or over,Total,2013,30.6,
CHE,Switzerland,Asthma hospital admission,Per 100 000 inhabitants,15 years or over,Total,2012,29.1,
CHE,Switzerland,Asthma hospital admission,Per 100 000 inhabitants,15 years or over,Total,2011,28,
CHE,Switzerland,Asthma hospital admission,Per 100 000 inhabitants,15 years or over,Total,2010,30.2,
CHE,Switzerland,Asthma hospital admission,Per 100 000 inhabitants,15 years or over,Total,2009,32.4,
CHE,Switzerland,Asthma hospital admission,Per 100 000 inhabitants,15 years or over,Total,2008,30.9,
CHE,Switzerland,Asthma hospital admission,Per 100 000 inhabitants,15 years or over,Total,2007,32.6,
CHE,Switzerland,Asthma hospital admission,Per 100 000 inhabitants,15 years or over,Total,2006,32,
CHE,Switzerland,Asthma hospital admission,Per 100 000 inhabitants,15 years or over,Total,2020,20.5,
CHE,Switzerland,Asthma hospital admission,Per 100 000 inhabitants,15 years or over,Total,2019,24.5,
CHE,Switzerland,Asthma hospital admission,Per 100 000 inhabitants,15 years or over,Total,2018,26.1,
CHE,Switzerland,Asthma hospital admission,Per 100 000 inhabitants,15 years or over,Total,2017,27.3,
CHE,Switzerland,Asthma hospital admission,Per 100 000 inhabitants,15 years or over,Total,2016,28.1,
LUX,Luxembourg,Asthma hospital admission,Per 100 000 inhabitants,15 years or over,Total,2011,30.7,
LUX,Luxembourg,Asthma hospital admission,Per 100 000 inhabitants,15 years or over,Total,2010,30,
LUX,Luxembourg,Asthma hospital admission,Per 100 000 inhabitants,15 years or over,Total,2009,26.6,
LUX,Luxembourg,Asthma hospital admission,Per 100 000 inhabitants,15 years or over,Total,2008,26.7,
LUX,Luxembourg,Asthma hospital admission,Per 100 000 inhabitants,15 years or over,Total,2007,26.2,
LUX,Luxembourg,Asthma hospital admission,Per 100 000 inhabitants,15 years or over,Total,2006,26.4,
LUX,Luxembourg,Asthma hospital admission,Per 100 000 inhabitants,15 years or over,Total,2005,31.2,
LUX,Luxembourg,Asthma hospital admission,Per 100 000 inhabitants,15 years or over,Total,2004,34.2,
LUX,Luxembourg,Asthma hospital admission,Per 100 000 inhabitants,15 years or over,Total,2003,36.6,
LUX,Luxembourg,Asthma hospital admission,Per 100 000 inhabitants,15 years or over,Total,2020,5.1,
LUX,Luxembourg,Asthma hospital admission,Per 100 000 inhabitants,15 years or over,Total,2019,11,
LUX,Luxembourg,Asthma hospital admission,Per 100 000 inhabitants,15 years or over,Total,2018,16.3,
LUX,Luxembourg,Asthma hospital admission,Per 100 000 inhabitants,15 years or over,Total,2015,23.4,
LUX,Luxembourg,Asthma hospital admission,Per 100 000 inhabitants,15 years or over,Total,2014,25.9,
LUX,Luxembourg,Asthma hospital admission,Per 100 000 inhabitants,15 years or over,Total,2013,28.3,
EST,Estonia,Asthma hospital admission,Per 100 000 inhabitants,15 years or over,Total,2018,24.6,
EST,Estonia,Asthma hospital admission,Per 100 000 inhabitants,15 years or over,Total,2017,27.3,
EST,Estonia,Asthma hospital admission,Per 100 000 inhabitants,15 years or over,Total,2016,33.4,
EST,Estonia,Asthma hospital admission,Per 100 000 inhabitants,15 years or over,Total,2015,29.7,
EST,Estonia,Asthma hospital admission,Per 100 000 inhabitants,15 years or over,Total,2014,36.4,
EST,Estonia,Asthma hospital admission,Per 100 000 inhabitants,15 years or over,Total,2013,38.3,
EST,Estonia,Asthma hospital admission,Per 100 000 inhabitants,15 years or over,Total,2012,50.9,
EST,Estonia,Asthma hospital admission,Per 100 000 inhabitants,15 years or over,Total,2011,46,
EST,Estonia,Asthma hospital admission,Per 100 000 inhabitants,15 years or over,Total,2010,49.8,
EST,Estonia,Asthma hospital admission,Per 100 000 inhabitants,15 years or over,Total,2020,16.2,
USA,United States,Asthma hospital admission,Per 100 000 inhabitants,15 years or over,Total,2017,38.5,
USA,United States,Asthma hospital admission,Per 100 000 inhabitants,15 years or over,Total,2016,39.5,
USA,United States,Asthma hospital admission,Per 100 000 inhabitants,15 years or over,Total,2014,92.5,
USA,United States,Asthma hospital admission,Per 100 000 inhabitants,15 years or over,Total,2020,23.4,
USA,United States,Asthma hospital admission,Per 100 000 inhabitants,15 years or over,Total,2019,37.3,
HUN,Hungary,Asthma hospital admission,Per 100 000 inhabitants,15 years or over,Total,2012,75.5,
HUN,Hungary,Asthma hospital admission,Per 100 000 inhabitants,15 years or over,Total,2011,75.3,
HUN,Hungary,Asthma hospital admission,Per 100 000 inhabitants,15 years or over,Total,2010,76.3,
HUN,Hungary,Asthma hospital admission,Per 100 000 inhabitants,15 years or over,Total,2009,76.5,
HUN,Hungary,Asthma hospital admission,Per 100 000 inhabitants,15 years or over,Total,2008,76.9,
HUN,Hungary,Asthma hospital admission,Per 100 000 inhabitants,15 years or over,Total,2007,79.7,
HUN,Hungary,Asthma hospital admission,Per 100 000 inhabitants,15 years or over,Total,2006,127.9,
HUN,Hungary,Asthma hospital admission,Per 100 000 inhabitants,15 years or over,Total,2005,152.2,
FIN,Finland,Asthma hospital admission,Per 100 000 inhabitants,15 years or over,Total,2008,91.9,
FIN,Finland,Asthma hospital admission,Per 100 000 inhabitants,15 years or over,Total,2007,100.9,
FIN,Finland,Asthma hospital admission,Per 100 000 inhabitants,15 years or over,Total,2006,110.1,
FIN,Finland,Asthma hospital admission,Per 100 000 inhabitants,15 years or over,Total,2005,129.1,
FIN,Finland,Asthma hospital admission,Per 100 000 inhabitants,15 years or over,Total,2004,143.1,
FIN,Finland,Asthma hospital admission,Per 100 000 inhabitants,15 years or over,Total,2003,165.4,
FIN,Finland,Asthma hospital admission,Per 100 000 inhabitants,15 years or over,Total,2002,175.2,
FIN,Finland,Asthma hospital admission,Per 100 000 inhabitants,15 years or over,Total,2001,199.1,
FIN,Finland,Asthma hospital admission,Per 100 000 inhabitants,15 years or over,Total,2000,216.6,
FIN,Finland,Asthma hospital admission,Per 100 000 inhabitants,15 years or over,Total,2020,32.5,
FIN,Finland,Asthma hospital admission,Per 100 000 inhabitants,15 years or over,Total,2019,44.2,
FIN,Finland,Asthma hospital admission,Per 100 000 inhabitants,15 years or over,Total,2018,43.6,
FIN,Finland,Asthma hospital admission,Per 100 000 inhabitants,15 years or over,Total,2017,51.7,
FIN,Finland,Asthma hospital admission,Per 100 000 inhabitants,15 years or over,Total,2016,48.1,
FIN,Finland,Asthma hospital admission,Per 100 000 inhabitants,15 years or over,Total,2015,55.9,
FIN,Finland,Asthma hospital admission,Per 100 000 inhabitants,15 years or over,Total,2014,61.6,
FIN,Finland,Asthma hospital admission,Per 100 000 inhabitants,15 years or over,Total,2013,62.8,
FIN,Finland,Asthma hospital admission,Per 100 000 inhabitants,15 years or over,Total,2012,69.8,
FIN,Finland,Asthma hospital admission,Per 100 000 inhabitants,15 years or over,Total,2011,69.4,
FIN,Finland,Asthma hospital admission,Per 100 000 inhabitants,15 years or over,Total,2010,75,
ROU,Romania,Asthma hospital admission,Per 100 000 inhabitants,15 years or over,Total,2015,41.5,
ROU,Romania,Asthma hospital admission,Per 100 000 inhabitants,15 years or over,Total,2014,45.6,
ROU,Romania,Asthma hospital admission,Per 100 000 inhabitants,15 years or over,Total,2020,12.7,
ROU,Romania,Asthma hospital admission,Per 100 000 inhabitants,15 years or over,Total,2019,28.2,
ROU,Romania,Asthma hospital admission,Per 100 000 inhabitants,15 years or over,Total,2018,31.4,
ROU,Romania,Asthma hospital admission,Per 100 000 inhabitants,15 years or over,Total,2017,33,
SWE,Sweden,Asthma hospital admission,Per 100 000 inhabitants,15 years or over,Total,2010,25.5,
SWE,Sweden,Asthma hospital admission,Per 100 000 inhabitants,15 years or over,Total,2009,23.1,
SWE,Sweden,Asthma hospital admission,Per 100 000 inhabitants,15 years or over,Total,2008,22.7,
SWE,Sweden,Asthma hospital admission,Per 100 000 inhabitants,15 years or over,Total,2007,23.2,
SWE,Sweden,Asthma hospital admission,Per 100 000 inhabitants,15 years or over,Total,2020,11.6,
SWE,Sweden,Asthma hospital admission,Per 100 000 inhabitants,15 years or over,Total,2019,14.6,
SWE,Sweden,Asthma hospital admission,Per 100 000 inhabitants,15 years or over,Total,2018,16.2,
SWE,Sweden,Asthma hospital admission,Per 100 000 inhabitants,15 years or over,Total,2017,17.9,
SWE,Sweden,Asthma hospital admission,Per 100 000 inhabitants,15 years or over,Total,2016,18.4,
SWE,Sweden,Asthma hospital admission,Per 100 000 inhabitants,15 years or over,Total,2015,19.7,
SWE,Sweden,Asthma hospital admission,Per 100 000 inhabitants,15 years or over,Total,2014,22.1,
SWE,Sweden,Asthma hospital admission,Per 100 000 inhabitants,15 years or over,Total,2013,23.4,
SWE,Sweden,Asthma hospital admission,Per 100 000 inhabitants,15 years or over,Total,2012,24.5,
IRL,Ireland,Asthma hospital admission,Per 100 000 inhabitants,15 years or over,Total,2008,54.8,
IRL,Ireland,Asthma hospital admission,Per 100 000 inhabitants,15 years or over,Total,2007,52.6,
IRL,Ireland,Asthma hospital admission,Per 100 000 inhabitants,15 years or over,Total,2006,53.3,
IRL,Ireland,Asthma hospital admission,Per 100 000 inhabitants,15 years or over,Total,2005,55.4,
IRL,Ireland,Asthma hospital admission,Per 100 000 inhabitants,15 years or over,Total,2004,85.3,
IRL,Ireland,Asthma hospital admission,Per 100 000 inhabitants,15 years or over,Total,2003,99.5,
IRL,Ireland,Asthma hospital admission,Per 100 000 inhabitants,15 years or over,Total,2002,94.9,
IRL,Ireland,Asthma hospital admission,Per 100 000 inhabitants,15 years or over,Total,2001,105.9,
IRL,Ireland,Asthma hospital admission,Per 100 000 inhabitants,15 years or over,Total,2000,106.3,
IRL,Ireland,Asthma hospital admission,Per 100 000 inhabitants,15 years or over,Total,2020,33.5,
IRL,Ireland,Asthma hospital admission,Per 100 000 inhabitants,15 years or over,Total,2019,42.8,
IRL,Ireland,Asthma hospital admission,Per 100 000 inhabitants,15 years or over,Total,2018,42,
IRL,Ireland,Asthma hospital admission,Per 100 000 inhabitants,15 years or over,Total,2017,41.5,
IRL,Ireland,Asthma hospital admission,Per 100 000 inhabitants,15 years or over,Total,2016,44.7,
IRL,Ireland,Asthma hospital admission,Per 100 000 inhabitants,15 years or over,Total,2015,43.5,
IRL,Ireland,Asthma hospital admission,Per 100 000 inhabitants,15 years or over,Total,2014,40.4,
IRL,Ireland,Asthma hospital admission,Per 100 000 inhabitants,15 years or over,Total,2013,41.6,
IRL,Ireland,Asthma hospital admission,Per 100 000 inhabitants,15 years or over,Total,2012,42.6,
IRL,Ireland,Asthma hospital admission,Per 100 000 inhabitants,15 years or over,Total,2011,37.9,
IRL,Ireland,Asthma hospital admission,Per 100 000 inhabitants,15 years or over,Total,2010,40.3,
DEU,Germany,Asthma hospital admission,Per 100 000 inhabitants,15 years or over,Total,2005,23.7,
DEU,Germany,Asthma hospital admission,Per 100 000 inhabitants,15 years or over,Total,2019,31.7,
DEU,Germany,Asthma hospital admission,Per 100 000 inhabitants,15 years or over,Total,2017,30.4,
DEU,Germany,Asthma hospital admission,Per 100 000 inhabitants,15 years or over,Total,2015,28.7,
DEU,Germany,Asthma hospital admission,Per 100 000 inhabitants,15 years or over,Total,2013,27.7,
DEU,Germany,Asthma hospital admission,Per 100 000 inhabitants,15 years or over,Total,2011,24.5,
DEU,Germany,Asthma hospital admission,Per 100 000 inhabitants,15 years or over,Total,2009,24.4,
HRV,Croatia,Asthma hospital admission,Per 100 000 inhabitants,15 years or over,Total,2019,9.5,
HRV,Croatia,Asthma hospital admission,Per 100 000 inhabitants,15 years or over,Total,2018,10,
CAN,Canada,Asthma hospital admission,Per 100 000 inhabitants,15 years or over,Total,2012,15.8,
CAN,Canada,Asthma hospital admission,Per 100 000 inhabitants,15 years or over,Total,2011,14.8,
CAN,Canada,Asthma hospital admission,Per 100 000 inhabitants,15 years or over,Total,2010,16.9,
CAN,Canada,Asthma hospital admission,Per 100 000 inhabitants,15 years or over,Total,2009,17,
CAN,Canada,Asthma hospital admission,Per 100 000 inhabitants,15 years or over,Total,2007,19.9,
CAN,Canada,Asthma hospital admission,Per 100 000 inhabitants,15 years or over,Total,2020,6.7,
CAN,Canada,Asthma hospital admission,Per 100 000 inhabitants,15 years or over,Total,2019,13.9,
CAN,Canada,Asthma hospital admission,Per 100 000 inhabitants,15 years or over,Total,2018,14.9,
CAN,Canada,Asthma hospital admission,Per 100 000 inhabitants,15 years or over,Total,2017,15,
CAN,Canada,Asthma hospital admission,Per 100 000 inhabitants,15 years or over,Total,2016,14.4,
CAN,Canada,Asthma hospital admission,Per 100 000 inhabitants,15 years or over,Total,2015,14.8,
CAN,Canada,Asthma hospital admission,Per 100 000 inhabitants,15 years or over,Total,2014,15.3,
ISL,Iceland,Asthma hospital admission,Per 100 000 inhabitants,15 years or over,Total,2008,27.4,
ISL,Iceland,Asthma hospital admission,Per 100 000 inhabitants,15 years or over,Total,2007,26,
ISL,Iceland,Asthma hospital admission,Per 100 000 inhabitants,15 years or over,Total,2006,20.5,
ISL,Iceland,Asthma hospital admission,Per 100 000 inhabitants,15 years or over,Total,2005,22.5,
ISL,Iceland,Asthma hospital admission,Per 100 000 inhabitants,15 years or over,Total,2004,30.2,
ISL,Iceland,Asthma hospital admission,Per 100 000 inhabitants,15 years or over,Total,2003,43.1,
ISL,Iceland,Asthma hospital admission,Per 100 000 inhabitants,15 years or over,Total,2002,57.1,
ISL,Iceland,Asthma hospital admission,Per 100 000 inhabitants,15 years or over,Total,2001,62.6,
ISL,Iceland,Asthma hospital admission,Per 100 000 inhabitants,15 years or over,Total,2000,52.5,
ISL,Iceland,Asthma hospital admission,Per 100 000 inhabitants,15 years or over,Total,2020,5.1,
ISL,Iceland,Asthma hospital admission,Per 100 000 inhabitants,15 years or over,Total,2019,5.9,
ISL,Iceland,Asthma hospital admission,Per 100 000 inhabitants,15 years or over,Total,2018,8.5,
ISL,Iceland,Asthma hospital admission,Per 100 000 inhabitants,15 years or over,Total,2017,15.1,
ISL,Iceland,Asthma hospital admission,Per 100 000 inhabitants,15 years or over,Total,2016,10.8,
ISL,Iceland,Asthma hospital admission,Per 100 000 inhabitants,15 years or over,Total,2015,11.9,
ISL,Iceland,Asthma hospital admission,Per 100 000 inhabitants,15 years or over,Total,2014,14.7,
ISL,Iceland,Asthma hospital admission,Per 100 000 inhabitants,15 years or over,Total,2013,14.3,
ISL,Iceland,Asthma hospital admission,Per 100 000 inhabitants,15 years or over,Total,2012,20.3,
ISL,Iceland,Asthma hospital admission,Per 100 000 inhabitants,15 years or over,Total,2011,17.8,
ISL,Iceland,Asthma hospital admission,Per 100 000 inhabitants,15 years or over,Total,2010,20.7,
AUT,Austria,Asthma hospital admission,Per 100 000 inhabitants,15 years or over,Total,2010,36.1,
AUT,Austria,Asthma hospital admission,Per 100 000 inhabitants,15 years or over,Total,2009,37.7,
AUT,Austria,Asthma hospital admission,Per 100 000 inhabitants,15 years or over,Total,2008,34.9,
AUT,Austria,Asthma hospital admission,Per 100 000 inhabitants,15 years or over,Total,2007,40.8,
AUT,Austria,Asthma hospital admission,Per 100 000 inhabitants,15 years or over,Total,2006,39.3,
AUT,Austria,Asthma hospital admission,Per 100 000 inhabitants,15 years or over,Total,2005,42.2,
AUT,Austria,Asthma hospital admission,Per 100 000 inhabitants,15 years or over,Total,2004,45.5,
AUT,Austria,Asthma hospital admission,Per 100 000 inhabitants,15 years or over,Total,2003,50.1,
AUT,Austria,Asthma hospital admission,Per 100 000 inhabitants,15 years or over,Total,2002,51.4,
AUT,Austria,Asthma hospital admission,Per 100 000 inhabitants,15 years or over,Total,2020,14.7,
AUT,Austria,Asthma hospital admission,Per 100 000 inhabitants,15 years or over,Total,2019,21.8,
AUT,Austria,Asthma hospital admission,Per 100 000 inhabitants,15 years or over,Total,2018,22.1,
AUT,Austria,Asthma hospital admission,Per 100 000 inhabitants,15 years or over,Total,2017,22.4,
AUT,Austria,Asthma hospital admission,Per 100 000 inhabitants,15 years or over,Total,2016,24.5,
AUT,Austria,Asthma hospital admission,Per 100 000 inhabitants,15 years or over,Total,2015,25.7,
AUT,Austria,Asthma hospital admission,Per 100 000 inhabitants,15 years or over,Total,2014,27.2,
AUT,Austria,Asthma hospital admission,Per 100 000 inhabitants,15 years or over,Total,2013,27.4,
AUT,Austria,Asthma hospital admission,Per 100 000 inhabitants,15 years or over,Total,2012,30.8,
NZL,New Zealand,Asthma hospital admission,Per 100 000 inhabitants,15 years or over,Total,2013,67.7,
NZL,New Zealand,Asthma hospital admission,Per 100 000 inhabitants,15 years or over,Total,2012,71.7,
NZL,New Zealand,Asthma hospital admission,Per 100 000 inhabitants,15 years or over,Total,2011,76,
NZL,New Zealand,Asthma hospital admission,Per 100 000 inhabitants,15 years or over,Total,2010,77.4,
NZL,New Zealand,Asthma hospital admission,Per 100 000 inhabitants,15 years or over,Total,2009,81.1,
NZL,New Zealand,Asthma hospital admission,Per 100 000 inhabitants,15 years or over,Total,2008,77,
NZL,New Zealand,Asthma hospital admission,Per 100 000 inhabitants,15 years or over,Total,2007,72.6,
NZL,New Zealand,Asthma hospital admission,Per 100 000 inhabitants,15 years or over,Total,2006,75.3,
NZL,New Zealand,Asthma hospital admission,Per 100 000 inhabitants,15 years or over,Total,2005,76.4,
ITA,Italy,Asthma hospital admission,Per 100 000 inhabitants,15 years or over,Total,2009,13.8,
ITA,Italy,Asthma hospital admission,Per 100 000 inhabitants,15 years or over,Total,2008,15,
ITA,Italy,Asthma hospital admission,Per 100 000 inhabitants,15 years or over,Total,2007,15.9,
ITA,Italy,Asthma hospital admission,Per 100 000 inhabitants,15 years or over,Total,2006,17.2,
ITA,Italy,Asthma hospital admission,Per 100 000 inhabitants,15 years or over,Total,2005,19.5,
ITA,Italy,Asthma hospital admission,Per 100 000 inhabitants,15 years or over,Total,2004,20.7,
ITA,Italy,Asthma hospital admission,Per 100 000 inhabitants,15 years or over,Total,2003,22,
ITA,Italy,Asthma hospital admission,Per 100 000 inhabitants,15 years or over,Total,2002,25.1,
ITA,Italy,Asthma hospital admission,Per 100 000 inhabitants,15 years or over,Total,2001,28.2,
ITA,Italy,Asthma hospital admission,Per 100 000 inhabitants,15 years or over,Total,2020,4.5,
ITA,Italy,Asthma hospital admission,Per 100 000 inhabitants,15 years or over,Total,2019,9,
ITA,Italy,Asthma hospital admission,Per 100 000 inhabitants,15 years or over,Total,2018,9,
ITA,Italy,Asthma hospital admission,Per 100 000 inhabitants,15 years or over,Total,2017,9.7,
ITA,Italy,Asthma hospital admission,Per 100 000 inhabitants,15 years or over,Total,2016,9.9,
ITA,Italy,Asthma hospital admission,Per 100 000 inhabitants,15 years or over,Total,2015,9.9,
ITA,Italy,Asthma hospital admission,Per 100 000 inhabitants,15 years or over,Total,2014,11,
ITA,Italy,Asthma hospital admission,Per 100 000 inhabitants,15 years or over,Total,2013,12.3,
ITA,Italy,Asthma hospital admission,Per 100 000 inhabitants,15 years or over,Total,2012,10.8,
ITA,Italy,Asthma hospital admission,Per 100 000 inhabitants,15 years or over,Total,2011,11.8,
NOR,Norway,Asthma hospital admission,Per 100 000 inhabitants,15 years or over,Total,2016,26.3,
NOR,Norway,Asthma hospital admission,Per 100 000 inhabitants,15 years or over,Total,2015,30.9,
NOR,Norway,Asthma hospital admission,Per 100 000 inhabitants,15 years or over,Total,2014,32.9,
NOR,Norway,Asthma hospital admission,Per 100 000 inhabitants,15 years or over,Total,2013,33.2,
NOR,Norway,Asthma hospital admission,Per 100 000 inhabitants,15 years or over,Total,2012,35.4,
NOR,Norway,Asthma hospital admission,Per 100 000 inhabitants,15 years or over,Total,2011,35.8,
NOR,Norway,Asthma hospital admission,Per 100 000 inhabitants,15 years or over,Total,2010,38.7,
NOR,Norway,Asthma hospital admission,Per 100 000 inhabitants,15 years or over,Total,2009,38.2,
NOR,Norway,Asthma hospital admission,Per 100 000 inhabitants,15 years or over,Total,2008,28.7,
NOR,Norway,Asthma hospital admission,Per 100 000 inhabitants,15 years or over,Total,2020,19.6,
NOR,Norway,Asthma hospital admission,Per 100 000 inhabitants,15 years or over,Total,2019,21.5,
NOR,Norway,Asthma hospital admission,Per 100 000 inhabitants,15 years or over,Total,2018,22.6,
FRA,France,Asthma hospital admission,Per 100 000 inhabitants,15 years or over,Total,2012,30.4,
FRA,France,Asthma hospital admission,Per 100 000 inhabitants,15 years or over,Total,2011,27.5,
FRA,France,Asthma hospital admission,Per 100 000 inhabitants,15 years or over,Total,2010,29.1,
FRA,France,Asthma hospital admission,Per 100 000 inhabitants,15 years or over,Total,2015,29.8,
FRA,France,Asthma hospital admission,Per 100 000 inhabitants,15 years or over,Total,2014,30.3,
LTU,Lithuania,Asthma hospital admission,Per 100 000 inhabitants,15 years or over,Total,2020,20.1,
LTU,Lithuania,Asthma hospital admission,Per 100 000 inhabitants,15 years or over,Total,2019,42.7,
LTU,Lithuania,Asthma hospital admission,Per 100 000 inhabitants,15 years or over,Total,2018,49.2,
LTU,Lithuania,Asthma hospital admission,Per 100 000 inhabitants,15 years or over,Total,2017,55.3,
LTU,Lithuania,Asthma hospital admission,Per 100 000 inhabitants,15 years or over,Total,2016,56.5,
LTU,Lithuania,Asthma hospital admission,Per 100 000 inhabitants,15 years or over,Total,2015,57,
LTU,Lithuania,Asthma hospital admission,Per 100 000 inhabitants,15 years or over,Total,2014,58.6,
LTU,Lithuania,Asthma hospital admission,Per 100 000 inhabitants,15 years or over,Total,2013,67.1,
SVN,Slovenia,Asthma hospital admission,Per 100 000 inhabitants,15 years or over,Total,2017,34.1,
SVN,Slovenia,Asthma hospital admission,Per 100 000 inhabitants,15 years or over,Total,2016,35.2,
SVN,Slovenia,Asthma hospital admission,Per 100 000 inhabitants,15 years or over,Total,2015,45,
SVN,Slovenia,Asthma hospital admission,Per 100 000 inhabitants,15 years or over,Total,2014,42.6,
SVN,Slovenia,Asthma hospital admission,Per 100 000 inhabitants,15 years or over,Total,2013,44.3,
SVN,Slovenia,Asthma hospital admission,Per 100 000 inhabitants,15 years or over,Total,2012,41,
SVN,Slovenia,Asthma hospital admission,Per 100 000 inhabitants,15 years or over,Total,2011,40.8,
SVN,Slovenia,Asthma hospital admission,Per 100 000 inhabitants,15 years or over,Total,2010,44.4,
SVN,Slovenia,Asthma hospital admission,Per 100 000 inhabitants,15 years or over,Total,2009,41.5,
SVN,Slovenia,Asthma hospital admission,Per 100 000 inhabitants,15 years or over,Total,2020,17.4,
SVN,Slovenia,Asthma hospital admission,Per 100 000 inhabitants,15 years or over,Total,2019,30,
TUR,Turkiye,Asthma hospital admission,Per 100 000 inhabitants,15 years or over,Total,2017,94.5,
SGP,Singapore,Asthma hospital admission,Per 100 000 inhabitants,15 years or over,Total,2016,107.6,
AUS,Australia,Asthma hospital admission,Per 100 000 inhabitants,15 years or over,Total,2020,42,
MLT,Malta,Asthma hospital admission,Per 100 000 inhabitants,15 years or over,Total,2016,80.9,
CHL,Chile,Asthma hospital admission,Per 100 000 inhabitants,15 years or over,Total,2013,19.5,
NLD,Netherlands,Asthma hospital admission,Per 100 000 inhabitants,15 years or over,Total,2016,37.3,
GBR,United Kingdom,Asthma hospital admission,Per 100 000 inhabitants,15 years or over,Total,2015,71.1,
LVA,Latvia,Asthma hospital admission,Per 100 000 inhabitants,15 years or over,Total,2016,104.7,
MEX,Mexico,Asthma hospital admission,Per 100 000 inhabitants,15 years or over,Total,2018,7.3,
POL,Poland,Asthma hospital admission,Per 100 000 inhabitants,15 years or over,Total,2012,80.7,
CZE,Czechia,Asthma hospital admission,Per 100 000 inhabitants,15 years or over,Total,2018,28.6,
JPN,Japan,Asthma hospital admission,Per 100 000 inhabitants,15 years or over,Total,2008,3.5,
KOR,Korea,Asthma hospital admission,Per 100 000 inhabitants,15 years or over,Total,2017,85.6,
SVK,Slovak Republic,Asthma hospital admission,Per 100 000 inhabitants,15 years or over,Total,2018,78.3,
CRI,Costa Rica,Asthma hospital admission,Per 100 000 inhabitants,15 years or over,Total,2009,38.1,
BEL,Belgium,Asthma hospital admission,Per 100 000 inhabitants,15 years or over,Total,2005,47.7,
PRT,Portugal,Asthma hospital admission,Per 100 000 inhabitants,15 years or over,Total,2020,10,
ESP,Spain,Asthma hospital admission,Per 100 000 inhabitants,15 years or over,Total,2009,43.2,
DNK,Denmark,Asthma hospital admission,Per 100 000 inhabitants,15 years or over,Total,2014,55.9,
COL,Colombia,Asthma hospital admission,Per 100 000 inhabitants,15 years or over,Total,2009,14.6,
CHE,Switzerland,Asthma hospital admission,Per 100 000 inhabitants,15 years or over,Total,2015,27.6,
LUX,Luxembourg,Asthma hospital admission,Per 100 000 inhabitants,15 years or over,Total,2012,30.1,
EST,Estonia,Asthma hospital admission,Per 100 000 inhabitants,15 years or over,Total,2019,25.5,
USA,United States,Asthma hospital admission,Per 100 000 inhabitants,15 years or over,Total,2018,37.5,
HUN,Hungary,Asthma hospital admission,Per 100 000 inhabitants,15 years or over,Total,2004,172.9,
FIN,Finland,Asthma hospital admission,Per 100 000 inhabitants,15 years or over,Total,2009,84.1,
ROU,Romania,Asthma hospital admission,Per 100 000 inhabitants,15 years or over,Total,2016,36.1,
SWE,Sweden,Asthma hospital admission,Per 100 000 inhabitants,15 years or over,Total,2011,24.5,
IRL,Ireland,Asthma hospital admission,Per 100 000 inhabitants,15 years or over,Total,2009,43.6,
DEU,Germany,Asthma hospital admission,Per 100 000 inhabitants,15 years or over,Total,2007,24.8,
HRV,Croatia,Asthma hospital admission,Per 100 000 inhabitants,15 years or over,Total,2020,4.8,
CAN,Canada,Asthma hospital admission,Per 100 000 inhabitants,15 years or over,Total,2013,15.2,
ISL,Iceland,Asthma hospital admission,Per 100 000 inhabitants,15 years or over,Total,2009,38.1,
AUT,Austria,Asthma hospital admission,Per 100 000 inhabitants,15 years or over,Total,2011,34.5,
NZL,New Zealand,Asthma hospital admission,Per 100 000 inhabitants,15 years or over,Total,2014,65.4,
ITA,Italy,Asthma hospital admission,Per 100 000 inhabitants,15 years or over,Total,2010,13.6,
NOR,Norway,Asthma hospital admission,Per 100 000 inhabitants,15 years or over,Total,2017,25,
FRA,France,Asthma hospital admission,Per 100 000 inhabitants,15 years or over,Total,2013,29.9,
LTU,Lithuania,Asthma hospital admission,Per 100 000 inhabitants,15 years or over,Total,2012,66.3,
SVN,Slovenia,Asthma hospital admission,Per 100 000 inhabitants,15 years or over,Total,2018,32.7,
